{"max_gain_factor": 3.144516539068432e-28, "max_gain_wl": 480.1325373886091}