{"max_gain_factor": 2.1106554026839564e-28, "max_gain_wl": 485.77894119952964}